Name,County/State
Chirascan,NY
RX2000,NJ
RX2000,NJ
SX18,IN
SX18,IN
SX18MV-R,MO
SX17,CA
SX19,MD
RX2000,SC
Chirascan V100,NY
SX20,MA
SX20,CA
Chirascan,MA
RX2000,NC
SX19,NC
Chirascan,NC
RX2000,TX
RX2000,TX
SX20,TX
Chirascan Plus,MD
RX2000,MA
SX19,MD
SX18,FL
SX20,NY
SX20,NY
SX19,OR
SX20,WI
Chirascan V100,MO
SX20,WI
LKS,CA
SX19,TN
SX19,WA
SX19,MD
SX20,WA
LKS,IA
LKS,IA
SX18,IA
SX20,IN
RX2000,CA
SX20,CA
SX18MV-R,VT
Chirascan,WA
SX18MV-R,KS
SX19,MD
SX19,OR
Chirascan,TX
SX20,DE
SF17,PA
SX19,PA
RX2000,VT
DX17,CA
RX1000,CA
SX20,MN
ProK2000,NC
RX2000,NC
SX18MV-R,NC
RX2000,NJ
SX19,OR
SX20,GA
SF17,TN
SX20,NY
RX1000,MO
SX19,FL
SX18,FL
Chirascan,NY
SX19,TN
SX19,PA
SX20,PA
Chirascan Plus,GA
SX19,OH
SX20,OH
Chirascan-auto,MA
Chirascan,MT
SX20,MT
SX20,MO
RX1000,CA
RX2000,MD
Xenon Pulsed Light Source,NC
RX2000,IL
RX2000,TX
SX18,TX
SX19,MD
SX20,NY
SX20,TN
Chirascan V100,VA
SX20 LED,VA
SX18,ME
RX2000,WI
Chirascan-auto,IN
SF17,TX
SX19,TX
SX18,TX
RX1000,MN
RX2000,NY
RX2000,WA
RX2000,NM
SX19,NY
SX18,NJ
SX19,MS
SX20,FL
SX18MV-R,NC
SX19,CA
Chirascan qCD,NJ
PC-PiStar,NC
RX2000,MN
SX20,OR
SX19,NC
Chirascan Q100,MD
SX19,WI
SX20 LED,MO
SX18,OH
RX2000,MA
SX20 LED,TX
Chirascan-auto,NJ
Chirascan qCD,KS
RX2000,PA
LKS60,MD
SX18,MD
SX19,NC
RX2000,TX
SX19,TX
RX2000,PA
RX2000,PA
SX19,NY
RX2000,OH
SX18,NY
ProK2000,NY
SX18MV-R,OH
SX17,PA
SX20,MD
SX18,MA
Chirascan,IN
SX19,IN
RX2000,KY
SX19,OH
RX2000,OH
RX2000,AL
SX18,NC
RX2000,CT
RX2000,PA
RX2000,OH
SX19,OH
SF17,OH
SX18,SC
SX19,CT
RX2000,CA
RX2000,TX
RX1000,TX
Chirascan ACD,CA
RX1000,MI
SX18,NY
RX2000,MO
RX2000,MO
SX20,MO
RX2000,MO
SX20 LED,MO
Chirascan,NM
RX1000,CA
RX2000,NY
SX20,NC
SX20,MT
SX19,NM
SX20,PA
SF17,SC
RX2000,AR
SX-Part System,CA
Chirascan,NY
RX2000,PA
RX1000,CA
SX19,MD
LKS80,MI
SX20 LED,CA
RX2000,NC
SX19,IL
SX20,New York
SX20,TX
SX20,NY
Chirascan,MI
SX19,KS
DX17,MD
SX17,MO
RX2000,KS
RX2000,MI
PiStar,NC
SX20,TX
SX19,TX
SX17,CO
RX2000,CA
SX18,CA
SX19,PA
SX19,PA
SX19,CT
Chirascan,CT
SX19,CA
SX19,DE
RX2000,CA
SX20,PA
ProK2000,MI
RX2000,NY
SX19,MO
RX2000,MO
RX2000,MO
SF17,MD
Chirascan-auto,CO
RX2000,MA
SX20 LED,MO
SX19,MO
SF17,CA
SX20,NY
RX2000,IL
SX19,IL
SF17,CA
SX20,MA
SX20,NJ
RX2000,MD
LKS,TX
RX2000,TX
SX17,TX
SX19,PA
Chirascan V100,CA
Chirascan,IN
RX2000,TX
SX20,NY
SX19,NJ
SX20,CA
PC-PiStar,CA
SX18,CA
PiStar,MD
SX19,AL
PC-PiStar,NJ
PC-PiStar,CT
RX2000,AL
RX2000,CT
RX2000,CT
SX20,MO
SX19,MD
LKS,MA
Xenon Pulsed Light Source,NY
SX18MV-R,MO
SX19,NY
SX20,PA
SX20,OH
SX18MV-R,MD
SX19,PA
Chirascan Plus qCD,HI
RX2000,IN
SX20,PA
RX2000,WI
RX2000,WI
RX2000,WI
RX2000,WI
Chirascan Original,FL
SX20 LED,FL
Chirascan Plus,MA
SX-Part System,WI
SX19,WI
Chirascan Original,WA
Chirascan,MO
RX1000,NY
RX2000,MA
SX17,MA
SX19,MA
ProK2000,OH
SX18,NY
SX18,PA
RX2000,MS
SX19,MA
RX1000,MA
ProK2000,KY
SX20,CA
SX19,CA
RX2000,TX
Chirascan V100,MN
LKS70,IL
SX18,NY
SX18,OK
Pro-K.2000,OK
LKS60,OK
SX18,TX
SX20,IL
RX2000,AZ
SX18,MN
SX20,PA
LKS,MS
RX2000,ID
Chirascan,CA
Chirascan,MO
SX18,IN
RX2000,IL
SX19,OH
Chirascan-auto,CA
SX18,NC
SX18,TN
RX2000,TX
SX20 LED,TX
RX2000,CA
SX20,CA
RX2000,GA
Chirascan qCD,MD
PC-PiStar,CA
RX2000,AL
Chirascan,PA
SX17,CA
SX20,TN
RX2000,WA
SX19,IL
PiStar,NJ
Chirascan,NJ
SX19,NJ
Chirascan Plus qCD,NJ
Chirascan Q100,CA
RX2000,CA
SX20,OH
Chirascan-auto qCD,NJ
SX20,CA
RX2000,PA
SX20,CA
SX20,MA
Chirascan,MO
SX-Part System,MO
SX20,IA
Xenon Pulsed Light Source,IN
Chirascan Q100,MA
SX20,MA
SX18MV-R,RI
RX2000,NY
Chirascan Plus,CA
SX20,TX
SX19,CA
RX1000,CA
ProK2000,CA
SX18MV-R,CA
DX17,CA
SX20,MA
RX1000,WA
Chirascan Plus,MI
SX17,NJ
SX20,PA
SX20 LED,OH
Chirascan Plus,MD
SX20,TX
PC-PiStar,KS
Chirascan,CA
SX20,MA
Chirascan,MI
ProK2000,VT
RX1000,VT
ProK2000,CA
RX1000,MA
RX2000,IL
RX2000,NC
RX2000,NC
RX2000,MI
SX19,NJ
SX20 LED,CA
SX19,NY
RX2000,MA
RX1000,PA
RX2000,IN
SX18MV-R,KS
RX1000,TX
RX2000,NY
SX20,KS
Chirascan,NY
SX19,MN
SX20 LED,CT
SX20,CT
SX20,TX
SX20,CA
SX19,MO
SX19,MO
Chirascan,VA
SX20 LED,VA
RX1000,FL
Chirascan Plus,CA
Chirascan-auto qCD,CA
RX2000,MD
SX18MV-R,MD
PiStar,MD
RX2000,AR
LKS80,VA
SX20,AL
RX1000,NJ
SX20,CO
SX19,CA
SX19,PA
SX20,IL
RX2000,OR
Chirascan V100,NY
SX20,NY
SX20,SC
PC-PiStar,OH
Chirascan Plus,CO
Chirascan Plus,CO
SX19,IL
RX2000,TX
RX2000,PA
RX2000,VA
SX19,VT
RX2000,TX
SX19,TX
RX2000,MI
SX19,MA
Xenon Pulsed Light Source,MI
SX17,MD
LKS,OH
Chirascan V100,FL
SX20,FL
RX1000,NC
SX20,TX
ProK2000,TX
Chirascan Plus,KS
Chirascan Plus,KS
Chirascan-auto,KS
SX18MV-R,CA
RX2000,FL
SX20,TN
SX17,MA
ProK2000,WI
PC-PiStar,OR
LKS70,OR
PiStar,MI
SX18,MI
RX2000,MD
RX2000,NY
RX2000,MS
SX18MV-R,WI
RX2000,NJ
SX20,FL
SX18MV-R,MO
RX2000,DC
SX20,NY
RX1000,AR
SX19,AL
Chirascan Plus,PA
SX19,VA
SX18MV-R,LA
RX2000,MD
SX18,MI
LKS,IL
ProK2000,IL
LKS,IL
SX19,LA
SX20 LED,NY
SX20,CA
RX2000,MD
RX2000,KS
SX19,NJ
RX1000,WA
Chirascan,WA
ProK2000,CA
SX18,PA
SX19,PA
SX17,MI
PiStar,MI
SX20,MA
RX1000,PA
Chirascan Plus,MD
RX2000,OH
RX1000,AZ
Chirascan Plus,CT
SX19,MA
SX19,PA
SX18,MN
SX18MV-R,MO
PiStar,MO
RX2000,MO
LKS,PA
RX2000,SC
SX19,GA
SX20,FL
Chirascan Q100,MD
RX1000,WI
Xenon Pulsed Light Source,OH
SX18,CA
Chirascan-auto,MA
LKS70,GA
SX19,NC
SF17,NC
RX2000,WI
SX19,CA
SX18,MN
SX19,OH
RX1000,MD
SX20 LED,TX
SX19,TX
SX18,TX
SX19,CT
Chirascan Plus,GA
SF17,MN
SX19,MI
SX19,MA
SX19,NC
Chirascan,NY
SX19,NY
SX20,MI
SX18MV-R,NC
SX19,AR
SX20,FL
RX1000,PA
SX18MV-R,WI
SX18,WA
SX18,CA
Chirascan V100,WI
SX20,WI
PC-PiStar,PA
RX1000,PA
SX19,PA
SX19,PA
SX19,OK
SX18,MA
SX20,TN
SX20,PA
PiStar,ND
Chirascan V100,MA
RX2000,PA
SX18,PA
SX18,PA
RX2000,FL
SX19,IL
Chirascan,MD
SX20,CT
PC-PiStar,NY
SX18,PA
Chirascan Plus,CA
SX20,CA
RX2000,CA
SX20,MA
SX20,GU
Chirascan Plus qCD,MD
SX17,MA
Chirascan Q100,MA
SX20,CA
SX18,VA
RX2000,SC
RX1000,MO
LKS70,LA
RX1000,UT
RX2000,NY
SX20 LED,NY
RX2000,MA
RX1000,TX
SX18,TX
SX20,TX
RX2000,MN
RX2000,OK
RX2000,CA
SX20 LED,CA
SX18,CA
Chirascan Plus,WA
RX2000,NC
ProK2000,MD
SX18,NC
SX20 LED,NJ
SX18,NM
SX18,CA
SX20,OH
SX20,VA
RX2000,MD
RX2000,CA
SX19,CA
SX19,CA
ProK2000,MA
Chirascan Plus,IL
SX20,IA
SX18MV-R,MT
SX18,AL
SX18MV-R,ND
RX1000,ND
SX18,ND
RX2000,KS
SX18,OH
Chirascan Plus,MD
Chirascan Plus,CA
SX17,MD
SX18MV-R,MD
SX19,NJ
RX2000,MA
SX19,MA
RX2000,MA
Chirascan Q100,MA
SF17,DE
SX20,NJ
SX20,OH
N/A,IL
SX19,IL
SX20,AZ
SX19,FL
Chirascan,NY
Xenon Pulsed Light Source,NM
RX2000,MA
SX19,MA
RX2000,VA
LKS70,VA
SX20,AZ
SX18,CA
RX2000,NC
SX19,CT
RX2000,CT
Chirascan V100,CT
PiStar,CA
SX18,CA
SX20 LED,MA
SX20,AL
Chirascan V100,NC
RX2000,MN
SX19,CA
SX20,RI
SX19,TX
Chirascan Plus,NC
RX2000,NC
RX2000,NC
PC-PiStar,NC
PiStar,TX
SX18MV-R,TX
DX17,TX
SX19,OH
RX2000,MA
SX20,IL
SX20 LED,NY
Chirascan,NJ
SX20,NJ
SX18MV-R,CO
SF17,CO
RX2000,MI
Chirascan,OH
SX18MV-R,MI
RX1000,MN
SX20,OH
RX2000,MA
RX2000,TN
SX20 LED,Texas
RX2000,TX
SX18,MD
Chirascan V100,NJ
RX1000,LA
RX2000,WA
SX18,UT
RX2000,VA
SX20,GA
SX20 LED,MA
SX20 LED,KY
PiStar,CO
LKS60,CO
SF17,VA
SX20,NY
SX20,WI
SX18MV-R,MD
Chirascan Plus qCD,NM
Chirascan,CT
LKS,CT
RX1000,NY
SX17,LA
RX1000,NC
Chirascan Plus qCD,MD
SX19,MD
SX20 LED,GA
SX18,CA
SX20,GA
Chirascan Plus,CO
SX17,MD
Chirascan V100,NY
SX19,MD
SX20 LED,MD
SX18MV-R,MI
RX2000,NM
SX20,CA
SX20,NM
LKS70,NY
RX2000,MA
SX18MV-R,PA
SX20,PA
SX20,CA
Chirascan V100,MA
Chirascan-auto qCD,MA
SX20,MA
SX19,OK
SF17,MA
SX19,MA
Chirascan V100,MA
SX20,OH
SX20,MA
RX2000,KY
SX20,KY
SX18,PA
RX1000,PA
SF17,CT
SX18,IN
SX20 LED,CA
RX2000,GA
SX20,GA
SX20,IL
SX18,WI
RX2000,IN
Chirascan ACD,MO
